{"cameraMode":{"drawMode":0,"name":"Shaded","section":"Shading Mode"},"sceneLighting":false,"audioPlay":false,"sceneViewState":{"m_AlwaysRefresh":false,"showFog":true,"showSkybox":false,"showFlares":true,"showImageEffects":true,"showParticleSystems":true,"showVisualEffectGraphs":true,"m_FxEnabled":true},"in2DMode":false,"pivot":{"x":2.347360134124756,"y":0.016574066132307054,"z":1.4027702808380128},"rotation":{"x":-0.014121019281446934,"y":0.4606609642505646,"z":-0.007329283282160759,"w":-0.8874498009681702},"size":2.0249383449554445,"orthographic":false}